TransactionID,Date,Time,CustomerID,CardID,GasStationID,ProductID,Amount,Price
27,2012-08-23,20:19:00,49788,753582,910,23,1,123.91
36,2012-08-23,20:12:00,23339,628682,3114,5,3,76.42
416,2012-08-23,09:50:00,6990,80483,3683,2,21,474.73
26,2012-08-23,20:19:00,49788,753582,910,2,22,520.56
417,2012-08-23,09:51:00,46987,518696,3683,2,22,500.49
93,2012-08-23,23:00:00,30895,415328,1204,2,31,749
65,2012-08-23,22:59:00,18010,620316,128,2,33,718.32
103,2012-08-23,22:42:00,41113,368353,3121,2,36,885.19
415,2012-08-23,09:40:00,44480,559410,3683,2,36,810.46
47,2012-08-23,21:20:00,9627,587138,1262,2,91,1994.71
146,2012-08-24,13:35:00,48079,642477,3319,15,0,43.56
295,2012-08-24,08:05:00,45176,548815,3621,15,0,24.09
85,2012-08-24,17:54:00,47330,568944,3398,15,0,55.72
363,2012-08-24,16:25:00,22994,228888,4431,11,0,55.5
49,2012-08-24,04:43:00,2183,664247,1262,15,0,36.26
309,2012-08-24,11:34:00,5425,463774,4276,72,0,33.18
82,2012-08-24,15:24:00,38508,507068,3398,15,0,33.82
174,2012-08-24,14:26:00,46647,485160,3211,15,0,48.42
86,2012-08-24,17:54:00,47330,568944,3398,11,0,24.82
420,2012-08-24,09:11:00,31543,709850,1107,15,0,43.56
214,2012-08-24,06:32:00,31130,575737,3396,15,0,43.56
241,2012-08-24,08:57:00,39690,519534,97,15,0,28.96
418,2012-08-24,15:33:00,31543,695210,4035,72,0,75.3
242,2012-08-24,08:57:00,39690,519534,97,12,0,27.94
360,2012-08-24,13:06:00,5983,626172,4431,15,0,43.56
462,2012-08-24,16:55:00,6549,680513,585,15,0,32.85
307,2012-08-24,14:49:00,5536,577952,4428,15,0,72.76
306,2012-08-24,08:50:00,24455,699989,4428,15,0,43.56
450,2012-08-24,14:29:00,28358,525822,1454,11,0,19.24
56,2012-08-24,09:16:00,46170,688291,48,24,0,15.41
8,2012-08-24,14:01:00,17320,729387,636,11,0,21.75
347,2012-08-24,12:23:00,5284,543556,3176,7,0,16
381,2012-08-24,14:54:00,46707,696420,5432,15,0,24.09
137,2012-08-24,06:46:00,32379,739600,373,5,0,11.2
221,2012-08-24,08:42:00,9476,680551,3566,15,0,43.56
554,2012-08-24,17:12:00,12735,611592,2984,15,0,31.39
15,2012-08-24,09:36:00,14728,570199,967,7,0,60.48
83,2012-08-24,17:31:00,21336,592552,3398,15,0,48.42
95,2012-08-24,09:13:00,27579,660091,1204,18,0,78.12
246,2012-08-24,11:24:00,4230,733219,4932,336,0,1.76
404,2012-08-24,11:39:00,4819,485784,5300,336,0,1.76
424,2012-08-24,14:52:00,19907,209011,1107,24,0,11.95
185,2012-08-24,10:40:00,45176,496146,638,11,0,73.63
223,2012-08-24,07:01:00,5113,481368,3396,15,0,38.69
87,2012-08-24,17:54:00,47330,568944,3398,12,0,163.84
279,2012-08-24,16:20:00,6392,692588,3505,15,0,41.12
287,2012-08-24,07:13:00,16109,608663,3876,15,0,30.42
551,2012-08-24,15:14:00,7266,628998,2718,12,0,8.89
3,2012-08-24,10:03:00,46707,550134,3704,23,1,121.99
144,2012-08-24,10:22:00,8957,504728,3319,5,1,28.73
315,2012-08-24,13:02:00,1057,585106,3748,23,1,123.91
148,2012-08-24,14:41:00,33585,607593,3319,23,1,123.91
257,2012-08-24,13:52:00,4573,586740,4545,341,1,9.6
264,2012-08-24,09:50:00,3367,33446,5043,341,1,7
318,2012-08-24,13:13:00,11189,479657,3748,23,1,123.91
166,2012-08-24,06:08:00,45137,726937,744,5,1,16.38
222,2012-08-24,08:42:00,9476,680551,3566,23,1,123.91
178,2012-08-24,14:00:00,19182,583924,3134,23,1,123.91
229,2012-08-24,10:08:00,26583,497106,473,5,1,25.22
428,2012-08-24,16:04:00,14801,531051,336,23,1,81.64
123,2012-08-24,05:13:00,6960,716339,448,5,1,25.83
202,2012-08-24,11:49:00,11189,574225,539,23,1,47.07
277,2012-08-24,13:53:00,4767,672988,5129,341,1,7.12
255,2012-08-24,11:36:00,3579,553874,4545,341,1,9.6
308,2012-08-24,14:49:00,5536,577952,4428,23,1,286.24
772,2012-08-24,19:39:00,18831,732572,3576,36,1,164.36
207,2012-08-24,17:17:00,5381,541396,345,23,1,123.91
316,2012-08-24,13:02:00,1057,585106,3748,36,1,149.29
771,2012-08-24,19:39:00,18831,732572,3576,5,1,14.92
364,2012-08-24,13:23:00,6768,662794,141,5,1,32.73
387,2012-08-24,15:03:00,6896,599383,1226,5,1,22.01
270,2012-08-24,12:10:00,48664,737416,5128,341,1,8.08
152,2012-08-24,18:27:00,18831,732572,1410,5,1,29.11
378,2012-08-24,12:16:00,6768,662797,407,5,1,33.36
188,2012-08-24,11:08:00,48294,736969,3069,5,1,13.59
256,2012-08-24,13:52:00,4573,586740,4545,336,1,14.66
272,2012-08-24,11:11:00,3014,401151,5134,352,1,3.78
209,2012-08-24,17:25:00,5381,673569,345,5,2,45.63
429,2012-08-24,16:04:00,14801,531051,336,36,2,490.33
69,2012-08-24,06:11:00,47418,581880,1155,5,2,55.13
449,2012-08-24,16:26:00,5476,612277,3001,36,2,268.45
226,2012-08-24,10:17:00,5443,581652,3396,5,2,58.04
126,2012-08-24,07:48:00,6960,702467,448,5,2,53.28
139,2012-08-24,10:14:00,11453,542116,373,5,2,56.59
445,2012-08-24,15:15:00,9632,515610,691,5,2,55.13
281,2012-08-24,18:49:00,39273,510661,3505,5,2,53.74
336,2012-08-24,14:36:00,46933,516907,4343,5,2,58.1
74,2012-08-24,16:22:00,30837,719417,1426,5,2,54.55
382,2012-08-24,15:00:00,11246,581524,5432,5,3,59.05
116,2012-08-24,17:11:00,23339,628699,3497,5,3,74.84
150,2012-08-24,09:15:00,35872,618239,3319,5,3,72.03
112,2012-08-24,04:31:00,23339,628700,3497,5,3,79.42
353,2012-08-24,05:50:00,7471,496860,4431,2,3,62.45
452,2012-08-24,14:44:00,7962,101209,360,5,3,76.4
135,2012-08-24,06:19:00,30837,718756,373,5,3,72.03
25,2012-08-24,18:50:00,45853,726022,662,5,3,72.76
205,2012-08-24,15:44:00,7471,85219,345,5,3,67.28
217,2012-08-24,07:53:00,7654,600392,3566,5,3,63.85
230,2012-08-24,16:56:00,28134,666939,473,2,3,59.31
94,2012-08-24,07:41:00,7557,665541,1204,5,3,66.78
212,2012-08-24,08:13:00,8619,394410,543,5,3,68.55
368,2012-08-24,12:35:00,8619,111893,3013,5,3,59.93
13,2012-08-24,06:23:00,7626,735448,967,5,4,100.92
14,2012-08-24,06:42:00,7626,735171,967,5,4,101.33
23,2012-08-24,16:55:00,33094,464776,636,5,4,84.01
7,2012-08-24,14:20:00,17241,571420,1152,5,4,81.94
555,2012-08-24,17:48:00,17298,531277,2984,5,4,104.75
614,2012-08-24,18:48:00,30618,483779,3307,5,4,98.2
127,2012-08-24,08:07:00,7471,547674,448,5,4,92.92
197,2012-08-24,11:56:00,6158,563828,3774,5,4,99.24
413,2012-08-24,14:40:00,3014,597507,5298,317,4,3.64
284,2012-08-24,18:09:00,46320,697507,3546,5,4,100.6
167,2012-08-24,07:27:00,7654,733778,3574,5,4,86.19
278,2012-08-24,16:20:00,6392,692588,3505,5,4,104.66
421,2012-08-24,13:14:00,29167,677142,1107,5,4,108.37
6,2012-08-24,08:53:00,7881,99745,741,5,4,96.84
370,2012-08-24,13:22:00,17163,717488,799,5,4,102.69
218,2012-08-24,08:07:00,30837,718701,3566,5,4,110.37
283,2012-08-24,14:01:00,19902,525147,3634,5,4,87.61
130,2012-08-24,09:34:00,30837,718953,448,5,4,93.13
305,2012-08-24,08:49:00,24163,565969,4428,5,4,90.99
151,2012-08-24,06:51:00,7525,722810,150,5,4,101.46
342,2012-08-24,21:26:00,25171,559776,4347,5,4,89.35
419,2012-08-24,09:08:00,31543,709850,1107,5,4,108.34
125,2012-08-24,07:42:00,30837,719011,448,5,5,103.54
175,2012-08-24,15:32:00,7626,735188,3211,5,5,117.28
92,2012-08-24,12:12:00,29167,521615,1155,5,5,121.29
330,2012-08-24,05:02:00,43643,640436,3251,5,5,107.83
461,2012-08-24,18:24:00,48079,642389,1386,5,5,114.74
282,2012-08-24,21:08:00,25266,765223,3505,2,5,112.38
334,2012-08-24,08:41:00,8538,509809,4347,5,5,115.97
359,2012-08-24,07:12:00,8200,635441,5253,5,5,119.69
138,2012-08-24,07:07:00,11453,690988,373,5,5,112.33
100,2012-08-24,08:10:00,19182,666533,1425,5,5,119.78
357,2012-08-24,12:29:00,41947,679265,4431,5,5,118.08
136,2012-08-24,06:37:00,8200,391788,373,5,5,112.33
320,2012-08-24,10:00:00,48079,642518,2732,5,5,109.1
550,2012-08-24,15:14:00,7266,628998,2718,5,5,114.56
286,2012-08-24,04:34:00,11246,581530,3876,5,5,110.26
169,2012-08-24,12:27:00,46532,485853,930,5,5,124.91
371,2012-08-24,17:40:00,16701,180331,799,5,5,121.07
172,2012-08-24,10:56:00,27026,561544,1568,2,5,105.92
372,2012-08-24,19:59:00,7630,723882,799,5,5,124.05
4,2012-08-24,13:53:00,7654,684220,656,5,5,120.74
552,2012-08-24,19:14:00,7626,735126,2718,5,5,122.74
195,2012-08-24,04:57:00,11529,548985,105,5,5,109.1
468,2012-08-24,19:13:00,8507,109820,3271,5,5,121.54
198,2012-08-24,11:31:00,12970,587430,1010,5,5,112.3
183,2012-08-24,13:11:00,8619,663150,3095,5,5,118.56
332,2012-08-24,05:35:00,10717,502331,4342,5,5,116.11
457,2012-08-24,14:34:00,12459,626192,1340,5,5,125.06
113,2012-08-24,07:37:00,6930,716319,3497,5,5,120.01
115,2012-08-24,14:38:00,12459,639930,3126,5,5,108.93
219,2012-08-24,08:09:00,14207,700230,3566,5,5,112.92
128,2012-08-24,08:39:00,19870,720326,448,5,5,104.25
142,2012-08-24,15:16:00,12595,691447,3589,5,5,116.39
298,2012-08-24,10:06:00,19131,196508,3621,5,5,132.97
75,2012-08-24,06:53:00,31543,751841,1155,5,6,133.83
292,2012-08-24,05:28:00,14788,711961,2739,5,6,146.01
22,2012-08-24,16:31:00,28134,633204,636,5,6,147.38
102,2012-08-24,15:51:00,31543,725893,1425,5,6,138.92
582,2012-08-24,16:22:00,25171,549666,312,5,6,139.94
117,2012-08-24,06:04:00,6752,715706,3591,5,6,151.61
425,2012-08-24,14:52:00,19907,209011,1107,5,6,156.81
400,2012-08-24,09:18:00,48664,737364,5300,317,6,5.44
215,2012-08-24,07:01:00,5113,481368,3396,5,6,138.2
288,2012-08-24,07:53:00,48018,633130,3876,5,6,132.73
328,2012-08-24,09:23:00,17077,601967,3077,5,6,135.71
158,2012-08-24,06:14:00,21664,506052,3534,5,6,140.51
530,2012-08-24,18:12:00,19350,201092,1534,5,6,145.95
366,2012-08-24,14:32:00,46707,708239,141,5,6,131.31
294,2012-08-24,07:38:00,31543,296742,3621,5,6,155.49
33,2012-08-24,14:54:00,32388,648339,910,5,6,155.69
39,2012-08-24,18:34:00,40333,356026,1216,5,6,124.05
111,2012-08-24,17:47:00,31543,519126,1071,5,6,144.01
132,2012-08-24,16:03:00,38508,346822,448,5,6,129.13
325,2012-08-24,07:40:00,20529,599219,2417,5,6,131.35
326,2012-08-24,11:30:00,7626,735349,2417,5,6,134.19
423,2012-08-24,14:18:00,5474,764950,1107,5,6,148.26
192,2012-08-24,16:44:00,16280,775890,546,2,7,156.86
504,2012-08-24,22:19:00,42861,559047,2968,2,7,162.64
68,2012-08-24,15:53:00,15447,685895,3611,5,7,156.46
108,2012-08-24,14:28:00,22090,545785,464,2,7,156.12
237,2012-08-24,11:42:00,11235,705989,305,5,7,155.47
392,2012-08-24,06:01:00,3505,684578,4588,317,7,6.29
291,2012-08-24,14:30:00,12282,680666,1040,5,7,175.78
50,2012-08-24,05:09:00,30546,562672,3259,5,7,152.22
513,2012-08-24,19:07:00,42579,551005,3780,5,7,165.4
164,2012-08-24,15:28:00,6896,599383,236,5,7,154.56
391,2012-08-24,14:50:00,3251,717925,4857,317,7,6.04
180,2012-08-24,16:56:00,13632,549021,3134,5,7,168.84
532,2012-08-24,19:16:00,32564,699779,1534,5,7,171.83
390,2012-08-24,18:36:00,5005,683085,5198,317,8,7.44
426,2012-08-24,16:23:00,31543,740437,1107,2,8,187.42
259,2012-08-24,17:09:00,2839,591220,4545,317,8,7.35
402,2012-08-24,10:17:00,3170,608728,5300,317,8,7.22
439,2012-08-24,21:36:00,11246,581207,225,5,9,199.11
637,2012-08-24,20:11:00,18831,732572,2099,5,9,212.03
78,2012-08-24,10:12:00,6067,450132,1155,2,9,197.87
79,2012-08-24,10:18:00,6067,450132,1155,2,10,232.25
455,2012-08-24,15:13:00,28910,660305,939,2,10,241.61
157,2012-08-24,05:00:00,30837,719466,3534,2,10,224.79
351,2012-08-24,07:47:00,15198,531079,4253,2,11,259.41
165,2012-08-24,16:36:00,25266,765235,3667,2,11,274.76
48,2012-08-24,04:43:00,2183,664247,1262,2,12,258.31
408,2012-08-24,08:32:00,2947,563293,5298,317,12,10.99
412,2012-08-24,10:03:00,3014,597504,5298,317,12,10.4
396,2012-08-24,15:15:00,3206,32057,5337,317,13,11.45
285,2012-08-24,19:10:00,5563,616161,3546,2,13,304.36
274,2012-08-24,06:59:00,3655,35708,5129,317,13,12.05
361,2012-08-24,14:22:00,46325,697509,4431,2,13,312.14
97,2012-08-24,11:40:00,14370,163589,1231,2,13,294.68
297,2012-08-24,09:52:00,5983,613343,3621,2,14,351.87
763,2012-08-24,16:16:00,11189,764509,1174,2,14,320.78
120,2012-08-24,17:42:00,6266,69593,3591,2,14,317.34
260,2012-08-24,11:57:00,2738,26228,4694,317,14,12.69
269,2012-08-24,17:51:00,2464,686349,4909,317,14,13
431,2012-08-24,21:22:00,24700,608508,104,2,14,312.19
397,2012-08-24,16:20:00,4789,733629,5337,317,14,13.01
211,2012-08-24,11:16:00,7168,716461,3490,2,15,339.94
171,2012-08-24,10:56:00,27026,617972,1568,2,15,353.05
322,2012-08-24,04:32:00,27026,627262,2417,2,15,336.31
268,2012-08-24,13:08:00,48126,687570,4909,317,15,13.77
252,2012-08-24,18:11:00,4573,586735,4566,317,15,12.93
131,2012-08-24,10:41:00,38931,500092,448,2,15,332.45
62,2012-08-24,17:24:00,9627,483371,48,2,15,348.37
433,2012-08-24,14:55:00,6933,730290,2805,20,15,333.34
293,2012-08-24,18:43:00,49070,739366,2739,2,15,332.45
263,2012-08-24,09:50:00,3367,33446,5043,317,16,14.46
44,2012-08-24,14:52:00,9885,591689,3250,2,16,343.53
394,2012-08-24,09:20:00,3628,703384,4588,317,16,14.13
251,2012-08-24,12:10:00,44480,559516,4565,317,17,388.53
199,2012-08-24,08:13:00,5381,541445,345,2,17,376.2
343,2012-08-24,17:14:00,29648,645335,4348,2,17,415.45
254,2012-08-24,11:36:00,3579,553874,4545,322,17,16.99
194,2012-08-24,18:44:00,5425,696634,546,2,17,366.63
240,2012-08-24,08:57:00,39690,519534,97,2,17,397.06
244,2012-08-24,12:12:00,3954,643131,4692,317,17,15.2
266,2012-08-24,06:28:00,3125,585179,5131,317,17,15.27
399,2012-08-24,12:58:00,4410,662667,4593,317,18,16.08
2,2012-08-24,10:03:00,46707,550134,3704,2,18,430.72
395,2012-08-24,07:06:00,2738,455495,5337,317,18,16.57
405,2012-08-24,11:44:00,96,764846,5300,317,18,16.43
553,2012-08-24,17:12:00,12735,611592,2984,2,18,416.77
170,2012-08-24,09:24:00,27026,617925,1568,2,18,411.9
253,2012-08-24,14:40:00,5104,603366,4568,317,18,15.89
45,2012-08-24,16:03:00,20321,667628,3250,22,18,162.37
398,2012-08-24,07:37:00,3991,496900,4593,317,18,16.52
406,2012-08-24,12:18:00,96,622502,5300,317,18,16.63
300,2012-08-24,13:44:00,28134,486825,3621,2,19,455.07
454,2012-08-24,15:17:00,26623,591880,1036,2,19,414.64
189,2012-08-24,14:53:00,16254,637636,546,2,19,407.84
304,2012-08-24,14:23:00,14710,577381,3871,2,19,447.58
422,2012-08-24,14:14:00,24700,696512,1107,9,19,470.34
373,2012-08-24,13:01:00,46987,613795,366,2,19,438.96
458,2012-08-24,18:27:00,33505,693615,3101,2,19,454.54
344,2012-08-24,05:40:00,40409,561224,3763,2,19,426.85
487,2012-08-24,17:53:00,9627,625634,3538,2,19,426.66
301,2012-08-24,14:54:00,31543,662489,3621,2,20,495.65
355,2012-08-24,12:01:00,19131,195995,4431,2,20,479.48
374,2012-08-24,16:23:00,5413,715973,256,2,20,457.69
12,2012-08-24,04:19:00,30895,726796,967,2,20,455.75
67,2012-08-24,15:45:00,19350,442661,3611,2,20,446.51
133,2012-08-24,17:35:00,48079,642420,448,2,20,430.74
177,2012-08-24,14:00:00,19182,583924,3134,2,20,483.32
443,2012-08-24,15:44:00,5585,676388,3806,2,20,479.48
258,2012-08-24,14:36:00,3991,673162,4545,317,20,17.56
156,2012-08-24,14:20:00,28974,549106,236,2,21,459.89
440,2012-08-24,23:17:00,43758,498980,3712,2,21,515.22
345,2012-08-24,06:27:00,33546,665774,3763,2,21,469.8
10,2012-08-24,14:38:00,19111,726672,636,2,21,477.68
191,2012-08-24,15:34:00,11597,141110,546,2,21,456.07
90,2012-08-24,11:55:00,6067,481524,1155,2,21,472.51
319,2012-08-24,14:47:00,33094,763413,3748,2,21,477.01
403,2012-08-24,11:39:00,4819,485784,5300,317,21,19.36
448,2012-08-24,16:26:00,5476,612277,3001,2,21,470.8
375,2012-08-24,03:31:00,44865,546118,2801,2,22,478.64
201,2012-08-24,11:49:00,11189,574225,539,2,22,478.39
72,2012-08-24,12:08:00,37373,341267,1426,2,22,508.1
447,2012-08-24,15:23:00,44480,559466,3001,2,22,485.82
435,2012-08-24,14:00:00,19870,582540,3330,2,22,499.63
473,2012-08-24,16:45:00,13030,742672,3509,2,22,491.97
388,2012-08-24,08:32:00,3282,576139,5189,317,22,19.75
350,2012-08-24,06:25:00,12528,736222,4253,2,22,496.09
478,2012-08-24,22:59:00,48078,642344,566,22,22,212.82
42,2012-08-24,10:43:00,39987,538299,3250,2,22,476.08
248,2012-08-24,13:36:00,2635,403868,4932,317,22,20.17
193,2012-08-24,17:01:00,47057,532906,546,2,22,486.97
124,2012-08-24,05:32:00,40719,588074,448,2,22,471.53
28,2012-08-24,05:02:00,6990,80700,910,2,22,519.37
31,2012-08-24,13:19:00,45860,667467,910,2,22,512.04
186,2012-08-24,13:47:00,45968,726392,347,2,22,486.72
81,2012-08-24,14:43:00,41875,647661,3398,2,22,486.17
19,2012-08-24,16:18:00,37407,455971,636,2,23,511.54
313,2012-08-24,10:58:00,5425,720047,3748,2,23,523.93
32,2012-08-24,14:48:00,5803,628769,910,2,23,544.35
436,2012-08-24,15:09:00,28910,765581,1446,2,23,508.23
77,2012-08-24,09:18:00,41875,595023,1155,2,23,528.13
267,2012-08-24,04:58:00,2464,429256,4909,317,23,20.56
38,2012-08-24,17:05:00,47265,549064,1216,2,23,496.34
84,2012-08-24,17:54:00,47330,568944,3398,2,23,512.72
463,2012-08-24,18:40:00,38508,346797,755,2,23,551.59
58,2012-08-24,10:06:00,9177,493210,48,2,23,529.86
247,2012-08-24,11:24:00,4230,733219,4932,317,23,20.67
107,2012-08-24,07:05:00,5536,57265,1206,2,23,539.41
141,2012-08-24,14:58:00,21016,525910,3589,2,23,538.32
200,2012-08-24,08:36:00,44644,586378,345,2,23,504.3
407,2012-08-24,12:25:00,96,663916,5300,317,23,20.38
233,2012-08-24,14:57:00,7471,640947,3394,2,24,521.33
187,2012-08-24,13:33:00,17942,728352,2963,2,24,565.76
57,2012-08-24,09:47:00,20134,558228,48,2,24,556.71
430,2012-08-24,15:53:00,8182,701643,3012,2,24,570.72
119,2012-08-24,16:41:00,31543,549271,3591,2,24,548.4
749,2012-08-24,19:39:00,46707,763198,1440,2,24,545.41
145,2012-08-24,13:35:00,48079,642477,3319,2,24,564.82
184,2012-08-24,10:40:00,45176,496146,638,2,24,551.18
337,2012-08-24,13:11:00,29962,280319,4347,2,24,560.39
348,2012-08-24,16:49:00,33094,508617,3118,2,24,582.87
389,2012-08-24,13:52:00,2510,734375,5189,332,24,25.28
379,2012-08-24,12:30:00,30868,698871,407,2,24,552.65
21,2012-08-24,16:27:00,47144,535650,636,2,24,542.42
275,2012-08-24,11:40:00,2584,732994,5129,317,24,21.17
346,2012-08-24,13:30:00,42579,633415,3763,2,24,531.77
456,2012-08-24,16:08:00,46707,550125,939,2,24,567.79
303,2012-08-24,15:13:00,14370,705169,3621,2,25,596.76
471,2012-08-24,16:27:00,33094,415256,362,2,25,623.38
204,2012-08-24,13:23:00,16509,470416,345,9,25,613.41
437,2012-08-24,17:01:00,46707,592930,1446,2,25,555.61
122,2012-08-24,04:22:00,40719,358210,448,2,25,550.76
190,2012-08-24,15:25:00,19870,619480,546,2,25,543.94
299,2012-08-24,12:35:00,10993,482466,3621,2,25,617.42
129,2012-08-24,09:00:00,40719,588072,448,2,25,535.8
369,2012-08-24,12:46:00,42861,726283,3013,20,25,590.29
333,2012-08-24,08:13:00,8507,664555,4347,2,25,583.74
91,2012-08-24,12:05:00,6067,481525,1155,2,25,576.9
20,2012-08-24,16:25:00,18399,702374,636,2,25,566.49
101,2012-08-24,11:17:00,8507,664507,1425,2,25,572.81
383,2012-08-24,11:31:00,10812,469654,265,2,25,575.94
296,2012-08-24,08:29:00,42808,509930,3621,2,25,615.08
109,2012-08-24,16:29:00,46854,739263,1535,2,25,591.54
323,2012-08-24,06:25:00,6768,619350,2417,2,25,555.85
98,2012-08-24,14:19:00,28134,707737,1231,2,25,583.74
155,2012-08-24,14:13:00,22123,545801,236,2,25,554.09
161,2012-08-24,16:04:00,15692,611688,260,2,25,608.74
232,2012-08-24,08:05:00,19907,474137,2716,2,25,614.08
239,2012-08-24,12:54:00,28875,707952,175,2,25,565.01
434,2012-08-24,13:24:00,10782,499066,4255,2,25,579.71
162,2012-08-24,14:24:00,17057,563263,236,2,25,554.09
105,2012-08-24,12:51:00,28528,478203,754,2,25,555.96
250,2012-08-24,16:06:00,31498,625896,4932,322,25,624.22
181,2012-08-24,13:54:00,45137,726937,597,2,25,561.92
118,2012-08-24,06:10:00,47905,751510,3591,2,26,593.11
427,2012-08-24,16:04:00,14801,531051,336,2,26,598.97
35,2012-08-24,14:59:00,20500,514652,1163,2,26,620.49
17,2012-08-24,12:56:00,12731,715432,967,2,26,579.26
73,2012-08-24,16:13:00,37373,403083,1426,2,26,601.97
63,2012-08-24,17:25:00,45993,678090,48,2,26,603.97
179,2012-08-24,16:04:00,7796,493780,3134,2,26,632.15
208,2012-08-24,17:20:00,31699,679521,345,2,26,579.94
64,2012-08-24,17:59:00,19182,423740,3152,2,26,612.37
29,2012-08-24,06:19:00,9635,600455,910,2,26,611.05
106,2012-08-24,07:01:00,12702,629697,1206,2,26,615.77
143,2012-08-24,09:31:00,45968,726465,3319,2,26,623.32
235,2012-08-24,17:22:00,11779,142402,850,2,26,601.63
365,2012-08-24,13:42:00,20030,510155,141,2,26,581.31
523,2012-08-24,20:40:00,46987,651995,3378,2,27,591.45
168,2012-08-24,09:25:00,31543,520565,3574,2,27,635.31
507,2012-08-24,17:00:00,48795,707973,658,2,27,623.39
446,2012-08-24,16:47:00,13380,717244,3072,20,27,624.96
40,2012-08-24,07:23:00,10961,552465,3252,2,27,621.2
11,2012-08-24,16:46:00,19881,545633,3869,2,27,611.3
52,2012-08-24,06:18:00,29793,468415,48,2,27,626.04
18,2012-08-24,16:32:00,30895,571030,967,2,27,615.27
110,2012-08-24,13:56:00,6925,722637,1071,2,27,627.04
411,2012-08-24,08:26:00,2947,29379,5298,322,27,26.61
317,2012-08-24,13:13:00,11189,479657,3748,2,27,612.33
76,2012-08-24,08:40:00,30815,555003,1155,2,27,624.4
362,2012-08-24,15:01:00,5982,65167,4431,8,27,704.78
160,2012-08-24,09:57:00,20709,531616,3534,2,27,638.87
472,2012-08-24,17:35:00,13417,556481,3379,9,27,658.24
543,2012-08-24,19:45:00,42223,655955,3443,2,27,618.76
243,2012-08-24,15:29:00,19907,453192,981,2,27,617.77
358,2012-08-24,05:10:00,14584,495796,5253,2,27,624.38
331,2012-08-24,14:22:00,21510,505976,3251,2,27,591.98
163,2012-08-24,15:23:00,28527,711723,236,2,27,599.08
41,2012-08-24,08:16:00,12459,639977,3252,2,27,606.11
352,2012-08-24,12:28:00,23823,655148,4253,2,28,627.38
37,2012-08-24,05:39:00,13682,689434,3114,2,28,639.12
265,2012-08-24,05:57:00,3884,37489,5131,317,28,25.58
71,2012-08-24,10:25:00,30837,719420,1426,2,28,627.66
310,2012-08-24,09:27:00,35693,609053,3748,9,28,690.89
329,2012-08-24,13:59:00,6990,80668,3077,2,28,650.98
522,2012-08-24,19:54:00,38508,726636,3378,2,28,627.73
5,2012-08-24,08:49:00,17373,536109,741,2,28,645.05
220,2012-08-24,08:42:00,9476,680551,3566,2,28,667.87
227,2012-08-24,11:49:00,5905,508329,3396,2,28,676.45
1,2012-08-24,09:41:00,31543,486621,3704,2,28,672.64
30,2012-08-24,06:27:00,33635,669476,910,9,28,707.86
401,2012-08-24,09:26:00,96,764858,5300,322,29,28.17
66,2012-08-24,00:34:00,18010,520888,128,2,29,643.63
613,2012-08-24,14:17:00,38508,605267,3922,2,29,633.19
182,2012-08-24,13:14:00,30392,527096,1293,20,29,661.32
55,2012-08-24,09:16:00,46170,688291,48,2,29,656.57
451,2012-08-24,14:29:00,28358,525822,1454,2,29,652.67
34,2012-08-24,10:51:00,12702,542820,1163,2,30,737.95
196,2012-08-24,14:56:00,10961,621973,624,2,30,734.98
53,2012-08-24,03:53:00,5381,541461,1298,2,30,709.85
46,2012-08-24,18:15:00,5404,529170,1249,2,30,681.76
356,2012-08-24,12:22:00,5381,662934,4431,2,30,719.22
386,2012-08-24,13:30:00,5381,541415,3496,2,30,683.63
16,2012-08-24,11:47:00,30895,726795,967,2,30,683.63
612,2012-08-24,08:55:00,34922,506443,3922,2,30,672.55
154,2012-08-24,11:53:00,31214,710676,236,2,30,646.17
234,2012-08-24,14:36:00,47304,550212,3552,2,30,682.51
438,2012-08-24,15:54:00,33094,675796,833,2,30,709.85
339,2012-08-24,18:22:00,16358,612865,4347,2,30,700.49
224,2012-08-24,07:04:00,11524,636498,3396,2,30,722.57
231,2012-08-24,12:20:00,8507,641263,3396,2,30,737.95
24,2012-08-24,18:03:00,19732,559289,636,2,31,710.01
302,2012-08-24,14:58:00,5957,543796,3621,31,31,859.01
470,2012-08-24,16:25:00,40705,588163,168,2,31,699.05
213,2012-08-24,13:19:00,17320,700623,3689,2,31,754.68
236,2012-08-24,09:28:00,16280,592843,305,2,31,705.3
153,2012-08-24,18:33:00,10810,547125,1410,2,31,757.27
376,2012-08-24,03:43:00,44865,675674,2801,2,31,676.89
54,2012-08-24,10:38:00,8309,666275,1298,2,31,721.72
380,2012-08-24,12:41:00,6768,722548,407,2,31,726.96
464,2012-08-24,17:18:00,17320,730199,3477,2,31,714.85
89,2012-08-24,11:46:00,6067,481527,1155,2,31,713
335,2012-08-24,12:42:00,5536,57187,4343,9,31,815.37
280,2012-08-24,17:47:00,27840,559732,3505,2,32,738.48
465,2012-08-24,18:18:00,31543,296777,3477,2,32,730.61
467,2012-08-24,18:34:00,6925,79234,722,2,32,777.16
61,2012-08-24,16:39:00,41943,688731,48,2,32,743.19
70,2012-08-24,19:21:00,7881,652363,3017,2,32,724.49
312,2012-08-24,10:25:00,7654,544171,3748,9,33,802.92
121,2012-08-24,10:08:00,31452,656024,954,2,33,784.27
114,2012-08-24,11:01:00,8200,391790,3497,2,33,748.72
324,2012-08-24,07:21:00,12276,639606,2417,2,33,738.51
206,2012-08-24,17:17:00,5381,541396,345,2,33,728.43
583,2012-08-24,16:52:00,19907,402878,312,2,34,798.01
9,2012-08-24,14:01:00,17320,729387,636,2,34,771.06
104,2012-08-24,00:49:00,44964,605910,3121,2,34,832.88
134,2012-08-24,04:26:00,30837,466078,373,2,34,796.05
238,2012-08-24,13:18:00,30895,572166,305,2,34,763.39
225,2012-08-24,09:19:00,1227,604071,3396,2,34,814.08
311,2012-08-24,10:01:00,37123,718034,3748,2,34,752.9
60,2012-08-24,11:31:00,19182,475541,48,9,34,837.21
432,2012-08-24,08:12:00,44480,559427,2805,2,35,766.85
149,2012-08-24,07:14:00,22275,714338,3319,2,35,839.09
444,2012-08-24,16:34:00,14370,163057,3806,2,35,827.1
159,2012-08-24,09:06:00,7773,574012,3534,2,35,828.63
147,2012-08-24,14:41:00,33585,607593,3319,2,36,846.52
385,2012-08-24,14:42:00,10812,579163,265,2,36,807.34
341,2012-08-24,18:39:00,16358,684880,4347,2,36,836.85
271,2012-08-24,11:11:00,3014,401151,5134,322,36,34.86
670,2012-08-24,18:33:00,12385,624432,1558,31,36,1001.2
367,2012-08-24,12:02:00,9428,707443,3013,2,36,833.25
261,2012-08-24,14:41:00,4789,683477,4580,332,36,36.27
531,2012-08-24,18:59:00,7828,705924,1534,2,37,887.63
51,2012-08-24,05:50:00,5983,453912,48,2,37,847.7
459,2012-08-24,16:16:00,36057,478045,3788,2,38,855.41
384,2012-08-24,11:32:00,10812,579165,265,2,40,917
453,2012-08-24,16:43:00,30895,726797,360,2,41,909.01
460,2012-08-24,16:29:00,15788,557846,1386,2,41,986.99
290,2012-08-24,13:39:00,29732,700706,3876,2,41,933.02
535,2012-08-24,14:40:00,20897,509271,1491,9,41,988.94
314,2012-08-24,12:14:00,21887,500197,3748,2,42,937.64
96,2012-08-24,09:13:00,27579,660091,1204,9,43,1122.27
409,2012-08-24,13:51:00,3014,401125,5298,322,43,42.4
249,2012-08-24,15:20:00,48664,737360,4932,332,43,44.47
354,2012-08-24,11:50:00,41113,368357,4431,2,43,1015.3
216,2012-08-24,07:01:00,37123,417978,3566,2,43,1030.21
262,2012-08-24,04:18:00,3063,30883,5043,322,46,45.58
276,2012-08-24,13:53:00,4767,672988,5129,322,46,45.1
289,2012-08-24,09:18:00,29732,575459,3876,2,46,1046.58
466,2012-08-24,10:01:00,30123,502748,2941,2,46,1061.97
173,2012-08-24,14:26:00,46647,485160,3211,9,46,1040.87
393,2012-08-24,08:09:00,3505,428598,4588,317,47,42.51
176,2012-08-24,09:11:00,21783,624858,924,20,47,1090.42
377,2012-08-24,15:21:00,17395,602305,2801,2,47,1035.56
59,2012-08-24,11:19:00,27426,502658,48,2,48,1103.64
321,2012-08-24,04:27:00,27026,627262,2417,2,48,1066.97
228,2012-08-24,05:12:00,6930,716320,473,2,57,1333.96
273,2012-08-24,14:59:00,2947,29378,5134,322,61,59.83
210,2012-08-24,17:34:00,5381,541430,345,2,61,1344.79
414,2012-08-24,11:40:00,272,622621,5261,322,62,59.76
764,2012-08-24,16:51:00,47554,593028,1174,2,63,1426.08
88,2012-08-24,11:30:00,6067,481533,1155,2,65,1486.38
80,2012-08-24,10:40:00,6067,450131,1155,2,68,1560
469,2012-08-24,15:41:00,6220,492921,1119,2,76,1774.63
729,2012-08-24,22:10:00,44865,685303,3114,2,84,1924.35
349,2012-08-24,20:17:00,6470,682327,3118,8,87,2184.49
245,2012-08-24,15:34:00,3334,726382,4692,322,88,86.69
140,2012-08-24,10:24:00,34780,563941,373,2,91,2146.3
410,2012-08-24,15:23:00,4443,538872,5298,317,101,90.39
203,2012-08-24,16:47:00,35461,655688,539,2,111,2437.98
340,2012-08-24,18:33:00,16358,684880,4347,2,122,2810.59
338,2012-08-24,13:12:00,16358,733470,4347,2,124,2860.56
99,2012-08-24,06:16:00,15899,581023,1425,2,126,2841.16
327,2012-08-24,12:31:00,39407,662027,2417,2,140,3101.98
43,2012-08-24,12:42:00,13665,478582,3250,2,264,5762.49
705,2012-08-25,12:30:00,19350,630577,621,15,0,72.76
635,2012-08-25,09:10:00,10784,751787,803,15,0,53.29
505,2012-08-25,06:46:00,12051,714895,2968,15,0,36.26
706,2012-08-25,16:17:00,12702,555891,621,15,0,43.56
634,2012-08-25,08:48:00,41064,606328,803,7,0,49.22
766,2012-08-25,15:55:00,30111,502786,1174,7,0,22.4
620,2012-08-25,12:57:00,6266,601996,3513,15,0,41.12
819,2012-08-25,11:22:00,27757,542029,1271,18,0,21.7
442,2012-08-25,00:07:00,44802,596923,3712,25,0,127.14
869,2012-08-25,07:34:00,6266,662018,2639,11,0,35.98
722,2012-08-25,18:01:00,46199,613603,768,11,0,16.46
546,2012-08-25,08:58:00,22989,594919,1944,15,0,38.69
476,2012-08-25,05:51:00,8832,557183,2721,7,0,8.26
734,2012-08-25,05:01:00,38727,646405,3115,24,0,10.63
807,2012-08-25,14:42:00,13550,715434,2231,15,0,53.29
840,2012-08-25,09:27:00,10355,499876,1655,25,0,200.51
792,2012-08-25,10:21:00,31256,590130,441,15,0,53.29
586,2012-08-25,07:33:00,6056,501029,1010,7,0,33.86
646,2012-08-25,12:48:00,5425,403840,2440,25,0,150.39
533,2012-08-25,08:36:00,12459,619970,3065,72,0,24.12
684,2012-08-25,13:02:00,5328,51093,3173,11,0,20.08
916,2012-08-25,23:20:00,11126,418233,3712,25,0,127.14
642,2012-08-25,12:06:00,31543,686072,1534,15,0,60.59
907,2012-08-25,16:19:00,19182,199431,344,15,0,38.69
595,2012-08-25,12:00:00,5982,415196,708,11,0,26.5
724,2012-08-25,10:59:00,19131,196060,64,11,0,35.98
503,2012-08-25,06:53:00,13355,660835,1133,15,0,53.29
570,2012-08-25,10:21:00,29464,555290,397,15,0,28.96
696,2012-08-25,17:38:00,7471,415201,981,12,0,19.05
506,2012-08-25,07:52:00,35608,521696,2968,15,0,36.26
640,2012-08-25,14:04:00,20709,699294,264,2,0,6.09
611,2012-08-25,10:04:00,19455,505865,3445,7,0,21.06
633,2012-08-25,08:48:00,41064,606328,803,11,0,34.86
542,2012-08-25,08:54:00,7729,714691,643,11,0,17.85
569,2012-08-25,08:59:00,46038,677721,397,15,0,43.56
605,2012-08-25,12:02:00,7216,648900,3289,12,0,9.4
895,2012-08-25,15:55:00,28951,642891,2336,15,0,101.47
561,2012-08-25,10:12:00,32029,491777,1271,15,0,24.09
715,2012-08-25,18:40:00,6155,627432,960,11,0,35.98
823,2012-08-25,13:25:00,22994,654107,1248,15,0,38.69
830,2012-08-25,16:08:00,19182,199229,892,11,0,26.5
852,2012-08-25,15:23:00,19870,674048,2595,15,0,21.66
879,2012-08-25,09:50:00,13880,727734,2989,72,0,64.33
666,2012-08-25,16:27:00,16220,703408,3138,15,0,72.76
789,2012-08-25,11:09:00,15788,677914,1033,12,0,8.64
944,2012-08-25,17:09:00,5983,65851,805,11,0,22.03
481,2012-08-25,04:49:00,17182,691397,530,24,0,9.44
604,2012-08-25,12:02:00,7216,648900,3289,11,0,9.76
622,2012-08-25,13:08:00,5476,612308,3513,15,0,53.29
664,2012-08-25,11:29:00,48079,642400,2912,5,1,14.57
686,2012-08-25,17:08:00,23861,534201,3173,5,1,32.13
490,2012-08-25,06:17:00,23944,526291,5313,18,1,39.78
527,2012-08-25,08:26:00,48294,775970,339,16,1,30.04
492,2012-08-25,06:17:00,23944,526291,5313,44,1,142.04
682,2012-08-25,15:31:00,24700,607212,3475,5,1,20.75
811,2012-08-25,11:54:00,18575,732525,1229,18,1,29.66
805,2012-08-25,15:47:00,11560,472098,1570,23,1,66.28
785,2012-08-25,11:11:00,7626,735628,1075,5,1,29.6
631,2012-08-25,14:05:00,45868,622291,3806,5,1,29.1
593,2012-08-25,09:05:00,18917,602949,1083,5,1,26.44
697,2012-08-25,17:38:00,7471,415201,981,36,1,198.6
810,2012-08-25,11:54:00,18575,732525,1229,23,1,33.62
770,2012-08-25,18:21:00,24700,693943,3258,5,1,29.11
780,2012-08-25,16:15:00,24700,564532,409,5,1,25.49
668,2012-08-25,16:28:00,12064,144983,3138,23,1,123.91
877,2012-08-25,16:20:00,22029,562088,3491,16,1,21.14
519,2012-08-25,08:24:00,6266,675162,5338,36,1,75.33
528,2012-08-25,08:26:00,48294,775970,339,44,1,39.18
781,2012-08-25,06:30:00,32379,737966,398,5,1,26.05
655,2012-08-25,08:14:00,28535,629689,89,5,1,26.39
475,2012-08-25,05:51:00,8832,557183,2721,5,2,54.11
565,2012-08-25,09:24:00,24700,607212,3868,5,2,45.87
703,2012-08-25,05:55:00,12064,733522,485,5,2,56.32
482,2012-08-25,04:49:00,17182,691397,530,40,2,49.77
627,2012-08-25,14:03:00,20447,568523,1395,5,2,58.19
573,2012-08-25,10:17:00,19182,199529,3947,5,2,39.61
839,2012-08-25,09:20:00,13880,629621,1655,5,2,56.1
820,2012-08-25,17:27:00,48294,764027,1271,5,2,56.76
875,2012-08-25,11:56:00,6888,421920,776,5,3,69.64
718,2012-08-25,17:24:00,15718,614431,3317,5,3,58.5
658,2012-08-25,16:24:00,23078,648851,3907,5,3,72.73
788,2012-08-25,11:09:00,15788,677914,1033,5,3,66.35
806,2012-08-25,17:00:00,15254,516183,1570,5,3,69.8
577,2012-08-25,07:26:00,19131,618814,2964,5,3,80.01
509,2012-08-25,06:49:00,10896,717029,658,5,3,80.79
681,2012-08-25,15:04:00,24700,628852,3475,2,3,63.03
984,2012-08-25,17:31:00,32813,627179,5466,5,3,71.48
488,2012-08-25,06:17:00,39782,539825,3877,5,3,62.45
584,2012-08-25,04:34:00,24704,601257,312,5,4,92.28
824,2012-08-25,16:35:00,12711,575883,575,5,4,93.92
502,2012-08-25,06:53:00,13355,660835,1133,5,4,98.23
825,2012-08-25,07:39:00,34089,597354,3389,5,4,89.3
870,2012-08-25,08:57:00,15215,639314,2639,5,4,88.69
826,2012-08-25,14:47:00,44638,586574,325,5,4,81.17
489,2012-08-25,05:29:00,7626,735885,5313,5,4,96.2
893,2012-08-25,19:12:00,31622,628827,3010,5,4,104.82
779,2012-08-25,08:47:00,7962,621691,389,5,4,82.67
603,2012-08-25,11:58:00,7216,648900,3289,5,4,97.67
834,2012-08-25,17:35:00,19131,423172,3388,5,4,98.58
484,2012-08-25,05:11:00,39463,523917,3581,5,4,81.83
511,2012-08-25,07:52:00,39690,522752,97,5,4,103.34
956,2012-08-25,07:12:00,28819,651109,3647,5,4,87.4
757,2012-08-25,13:29:00,11597,588988,869,5,4,86.36
802,2012-08-25,20:40:00,7626,735351,3807,5,4,88.21
883,2012-08-25,13:05:00,42579,518246,3763,5,4,94.99
873,2012-08-25,18:08:00,44480,385510,145,5,4,103.57
750,2012-08-25,06:44:00,48294,695654,1440,5,4,87.29
782,2012-08-25,08:56:00,5585,554655,1291,5,4,91.1
880,2012-08-25,09:20:00,7626,735485,3763,5,4,87.05
606,2012-08-25,06:43:00,8594,592912,3380,5,5,119.24
638,2012-08-25,14:08:00,46890,508029,2099,5,5,134.6
692,2012-08-25,15:53:00,15581,575890,378,5,5,109.25
656,2012-08-25,15:59:00,11751,544887,1200,5,5,107.33
711,2012-08-25,15:16:00,30816,497192,485,5,5,125.8
743,2012-08-25,17:05:00,24700,696504,1205,2,5,125.03
787,2012-08-25,07:32:00,5328,51058,1033,5,5,107.51
716,2012-08-25,14:21:00,31543,296636,3056,5,5,113.02
833,2012-08-25,19:10:00,7626,735277,3387,5,5,114.56
652,2012-08-25,07:53:00,11597,627700,3694,5,5,120.72
496,2012-08-25,07:25:00,5328,51051,1119,5,5,115.52
745,2012-08-25,08:49:00,42579,679176,1206,5,5,134.28
899,2012-08-25,13:56:00,47428,582089,2805,5,5,102.22
601,2012-08-25,11:04:00,38679,593192,1122,5,5,112.74
719,2012-08-25,10:26:00,15338,508962,474,5,5,109.14
905,2012-08-25,17:29:00,46707,737909,3323,5,5,123.65
882,2012-08-25,09:43:00,11189,650876,3763,5,5,109.98
885,2012-08-25,13:27:00,42861,585219,569,5,5,127.55
536,2012-08-25,03:49:00,23984,741909,1491,5,5,116.21
544,2012-08-25,06:07:00,27321,618554,3443,5,5,126.56
786,2012-08-25,11:47:00,7626,735156,1075,5,5,118.41
845,2012-08-25,15:19:00,12064,144971,3800,5,5,120.23
847,2012-08-25,17:24:00,13943,530940,2304,5,5,114.37
903,2012-08-25,18:10:00,26256,700118,1341,5,5,109.66
495,2012-08-25,06:02:00,5328,51096,1119,5,5,113.17
773,2012-08-25,11:56:00,36380,672874,491,5,5,108.28
866,2012-08-25,09:18:00,5476,611911,3164,5,5,111.25
630,2012-08-25,10:01:00,5328,51052,3806,5,5,125.52
626,2012-08-25,14:03:00,16734,557937,530,5,5,116.88
760,2012-08-25,13:16:00,7626,735068,1191,5,5,124.05
917,2012-08-25,20:38:00,44480,559580,339,5,5,126.35
653,2012-08-25,15:08:00,17298,615361,3694,5,5,123.46
941,2012-08-25,18:37:00,7881,709416,2301,5,5,104.79
776,2012-08-25,17:44:00,7630,723782,1353,5,5,120.1
943,2012-08-25,17:09:00,5983,65851,805,5,5,124.48
479,2012-08-25,04:24:00,44642,586582,530,5,5,106.18
744,2012-08-25,12:47:00,5328,51047,1187,5,5,116.03
874,2012-08-25,15:20:00,20620,633973,3370,2,5,118.31
790,2012-08-25,15:05:00,27321,599682,935,5,5,124.49
623,2012-08-25,09:46:00,30816,655437,2642,5,5,118.42
515,2012-08-25,03:07:00,18129,732501,1210,5,6,140.78
709,2012-08-25,09:03:00,10784,751783,485,5,6,142.26
774,2012-08-25,11:48:00,7628,723056,2516,5,6,143.29
651,2012-08-25,13:45:00,29594,500211,1166,5,6,134.58
814,2012-08-25,08:43:00,19182,199529,640,5,6,155.66
759,2012-08-25,17:20:00,45671,655279,555,5,6,131.51
610,2012-08-25,08:23:00,26780,617716,2426,5,6,133.01
758,2012-08-25,09:28:00,45671,655283,555,5,6,128.83
828,2012-08-25,12:01:00,47708,630798,649,5,6,144.4
854,2012-08-25,12:48:00,32153,658935,3880,5,6,138.03
621,2012-08-25,13:08:00,5476,612308,3513,5,6,140.67
762,2012-08-25,12:13:00,25805,615109,354,5,6,132.29
678,2012-08-25,09:23:00,10819,131634,2171,5,6,145.96
567,2012-08-25,10:23:00,5983,65878,457,5,6,138.06
841,2012-08-25,12:36:00,5476,612114,1655,5,6,153.49
904,2012-08-25,14:28:00,15788,588264,3323,5,6,152.68
679,2012-08-25,11:46:00,20605,706154,2988,5,6,133.36
661,2012-08-25,14:15:00,34528,540349,3317,5,7,160.2
514,2012-08-25,02:00:00,18917,749815,3780,2,7,167.26
660,2012-08-25,15:51:00,15618,611303,3780,5,7,155.53
512,2012-08-25,07:53:00,28951,597341,4440,2,7,156.27
441,2012-08-25,00:07:00,44802,596923,3712,2,8,189.14
694,2012-08-25,14:46:00,35570,613100,981,2,8,183.24
539,2012-08-25,08:54:00,47172,605147,487,2,9,212.02
881,2012-08-25,09:30:00,15783,557843,3763,2,9,187.8
753,2012-08-25,16:32:00,39670,643302,748,2,10,228.44
540,2012-08-25,06:21:00,44347,550519,643,2,10,249.76
908,2012-08-25,20:08:00,44802,695553,3323,5,10,232.26
846,2012-08-25,08:53:00,5340,622854,2568,2,10,233
615,2012-08-25,13:04:00,20709,725542,3307,2,10,232.25
662,2012-08-25,15:30:00,33094,518300,3317,2,10,224.76
894,2012-08-25,14:54:00,8712,692624,3856,2,10,239.74
735,2012-08-25,08:21:00,38727,489142,3115,2,11,258.31
769,2012-08-25,12:54:00,20902,733454,3923,2,11,251.73
648,2012-08-25,14:59:00,6990,80670,3453,2,11,263.34
691,2012-08-25,03:52:00,7626,736054,378,19,12,292.06
821,2012-08-25,13:55:00,22458,633977,1179,19,12,297.45
477,2012-08-25,04:01:00,40118,552441,238,2,12,274.39
566,2012-08-25,09:30:00,7471,497717,457,2,13,294.55
501,2012-08-25,06:31:00,34089,604859,1133,2,13,294.21
901,2012-08-25,17:08:00,39820,539661,3470,2,13,315.41
783,2012-08-25,07:34:00,40511,607070,113,2,13,295.09
590,2012-08-25,08:16:00,27014,475253,3562,2,13,307.2
850,2012-08-25,14:29:00,7626,735996,2595,19,14,345.83
576,2012-08-25,08:39:00,19131,566018,2552,2,14,326.89
643,2012-08-25,08:52:00,19182,519111,3002,2,14,312.32
791,2012-08-25,10:21:00,31256,590130,441,2,14,350.78
862,2012-08-25,08:28:00,33094,308520,5481,2,14,312.25
649,2012-08-25,12:03:00,31531,619197,3505,2,14,337.41
698,2012-08-25,13:12:00,18751,510085,2966,2,14,312.19
890,2012-08-25,13:10:00,4206,446179,4592,317,15,13.26
538,2012-08-25,08:57:00,47918,623400,944,2,15,362.42
701,2012-08-25,18:18:00,35801,618449,5368,2,15,348.25
673,2012-08-25,11:57:00,38057,560154,1886,2,15,335.29
815,2012-08-25,17:09:00,15825,568044,640,19,15,378.12
915,2012-08-25,23:20:00,11126,418233,3712,2,16,379.99
816,2012-08-25,15:59:00,11159,623458,522,2,16,371.69
608,2012-08-25,07:49:00,27026,617933,1172,2,16,355.02
867,2012-08-25,07:29:00,40358,561563,2639,2,16,374.37
587,2012-08-25,06:49:00,8901,654760,3547,48,16,492.31
657,2012-08-25,09:40:00,23670,516775,3907,2,16,370.38
795,2012-08-25,06:13:00,21914,630834,2622,2,17,402.25
889,2012-08-25,10:09:00,43852,510132,4593,317,17,396.19
644,2012-08-25,15:00:00,17057,658288,3002,2,17,385.27
499,2012-08-25,07:51:00,5328,433887,5410,2,17,400.88
836,2012-08-25,21:00:00,30895,521559,640,2,17,405.43
761,2012-08-25,07:41:00,46036,664916,1154,2,17,387.3
641,2012-08-25,14:10:00,20709,699294,264,2,18,397.94
799,2012-08-25,07:26:00,6718,711383,3329,2,18,430.69
888,2012-08-25,09:38:00,4758,673344,4593,317,18,16.5
650,2012-08-25,12:15:00,18751,522345,3505,2,18,422.26
809,2012-08-25,12:44:00,34803,563820,106,2,18,421.89
884,2012-08-25,11:55:00,27929,265209,742,2,18,396.44
695,2012-08-25,16:19:00,41817,647904,981,2,19,423.91
898,2012-08-25,12:04:00,16593,652775,2805,20,19,433
676,2012-08-25,08:41:00,11078,529031,1535,2,19,447.98
517,2012-08-25,08:24:00,6990,80644,1543,2,19,457.41
588,2012-08-25,07:32:00,30467,595920,3547,2,20,468.24
878,2012-08-25,16:20:00,22029,562088,3491,2,20,451.57
545,2012-08-25,08:57:00,35155,574579,3443,2,20,471.89
857,2012-08-25,05:43:00,42727,689726,3864,2,20,460.75
835,2012-08-25,11:47:00,48490,764186,3281,22,20,200.52
838,2012-08-25,16:15:00,30895,434303,94,2,20,460.75
793,2012-08-25,05:47:00,12073,588532,1523,2,20,455.32
756,2012-08-25,13:39:00,7061,480174,3483,2,20,472.14
629,2012-08-25,14:04:00,30895,726801,854,2,20,460.75
796,2012-08-25,19:56:00,30733,645146,2622,2,21,483.66
957,2012-08-25,15:10:00,42579,633410,3647,2,21,468.52
556,2012-08-25,06:49:00,43485,476632,3419,2,21,481.57
728,2012-08-25,13:35:00,42861,569631,1178,2,21,468.49
674,2012-08-25,12:11:00,48294,764034,1886,9,21,470.34
897,2012-08-25,07:59:00,7828,705917,2805,2,21,467.84
748,2012-08-25,09:42:00,42461,644722,678,2,21,488.5
693,2012-08-25,08:57:00,15692,686434,168,2,22,493.43
812,2012-08-25,11:54:00,18575,732525,1229,20,22,500.93
726,2012-08-25,16:49:00,19131,620124,64,2,22,530.24
524,2012-08-25,08:22:00,33929,512236,3378,2,22,484.1
669,2012-08-25,16:42:00,38675,612714,3138,2,22,491.03
727,2012-08-25,11:43:00,6266,628172,636,2,22,499.8
663,2012-08-25,10:04:00,16701,426829,2912,2,22,515.13
578,2012-08-25,08:16:00,47057,532565,267,2,22,481.19
580,2012-08-25,04:44:00,10701,512371,651,2,22,508.54
747,2012-08-25,12:37:00,44480,559471,1206,2,22,533.96
784,2012-08-25,09:37:00,19907,208962,113,2,23,511.32
732,2012-08-25,11:41:00,33239,571375,65,31,23,618.64
892,2012-08-25,06:36:00,5049,653502,5173,317,23,20.65
886,2012-08-25,13:21:00,19182,726782,488,19,23,601.3
518,2012-08-25,08:24:00,6266,675162,5338,2,23,518.19
636,2012-08-25,13:52:00,19907,208975,803,2,23,525.99
491,2012-08-25,06:17:00,23944,526291,5313,2,23,543.75
618,2012-08-25,13:07:00,8619,736178,834,2,23,504.3
906,2012-08-25,16:19:00,19182,199431,344,2,23,533.58
563,2012-08-25,10:10:00,7471,628498,279,2,23,540.82
639,2012-08-25,13:12:00,5983,533478,264,2,23,497.27
690,2012-08-25,11:50:00,14955,494761,92,2,23,507.67
659,2012-08-25,14:16:00,33094,465416,3780,2,23,532.55
999,2012-08-25,07:51:00,22994,602354,3899,2,23,522.21
804,2012-08-25,08:47:00,31543,424015,1570,2,23,512.57
564,2012-08-25,08:21:00,24301,729358,3013,20,23,543.29
500,2012-08-25,06:12:00,14076,519396,1133,2,24,565.7
688,2012-08-25,14:50:00,28134,569990,563,2,24,529.74
872,2012-08-25,11:55:00,19907,433651,2639,2,24,582.87
798,2012-08-25,09:11:00,7471,673638,2728,20,24,524.6
863,2012-08-25,16:48:00,18788,572610,726,2,24,551.65
994,2012-08-25,19:27:00,21336,527504,2442,2,24,585.77
624,2012-08-25,12:26:00,12776,708412,2642,2,24,531.33
767,2012-08-25,08:24:00,5476,612187,259,2,24,556.24
571,2012-08-25,09:31:00,8309,105741,1133,2,24,553.12
537,2012-08-25,08:37:00,12702,660651,944,2,24,551.4
817,2012-08-25,11:27:00,5983,533593,3383,2,24,577.84
521,2012-08-25,08:16:00,12702,681409,1122,2,24,600.85
813,2012-08-25,09:01:00,11597,140939,1371,2,24,535.26
755,2012-08-25,09:43:00,23953,545904,3483,2,25,575.09
856,2012-08-25,05:11:00,25664,683052,3864,2,25,579.5
525,2012-08-25,08:24:00,10784,753647,2969,2,25,571.47
516,2012-08-25,07:39:00,35570,331449,1543,2,25,611.4
721,2012-08-25,16:46:00,36195,675622,474,2,25,544.53
680,2012-08-25,11:48:00,43671,487761,3656,2,25,622.85
712,2012-08-25,03:44:00,12459,704009,747,2,25,572.07
736,2012-08-25,12:35:00,34393,325235,1337,2,25,574.9
920,2012-08-25,19:14:00,28134,725267,3693,2,25,545.76
483,2012-08-25,04:36:00,32379,520079,3581,2,25,549.47
900,2012-08-25,13:58:00,14612,712301,104,2,25,561.22
919,2012-08-25,17:27:00,17266,691204,3693,2,25,553.16
617,2012-08-25,12:25:00,8619,592314,834,2,25,560.33
625,2012-08-25,12:58:00,5513,606668,530,2,25,579.96
547,2012-08-25,08:58:00,5476,612007,278,2,25,567.98
557,2012-08-25,07:19:00,30036,500426,1445,2,25,562.2
860,2012-08-25,11:29:00,5381,607720,4409,2,25,553.71
843,2012-08-25,13:07:00,26545,606700,1314,2,25,574.81
752,2012-08-25,10:41:00,28134,430411,1426,2,25,569.13
801,2012-08-25,11:54:00,22994,430325,3329,2,25,597.19
619,2012-08-25,12:57:00,6266,601996,3513,2,25,586.58
765,2012-08-25,15:55:00,30111,502786,1174,2,25,573.03
827,2012-08-25,10:56:00,5381,673559,184,2,25,591.54
493,2012-08-25,05:37:00,47152,622840,1278,2,25,568.13
529,2012-08-25,07:17:00,33567,521262,3175,2,26,571.32
474,2012-08-25,04:45:00,14773,468259,1180,2,26,584.05
851,2012-08-25,15:23:00,19870,674048,2595,2,26,605.62
510,2012-08-25,07:15:00,37435,573749,4440,2,26,624.38
876,2012-08-25,17:50:00,43812,498210,2542,22,26,285.41
742,2012-08-25,14:33:00,12702,470449,1205,2,26,618.04
508,2012-08-25,05:37:00,46707,737911,658,2,26,594.94
560,2012-08-25,09:02:00,31543,706934,2340,2,26,593.47
704,2012-08-25,08:34:00,28134,736663,485,2,26,592.86
768,2012-08-25,06:30:00,6155,683845,3923,2,26,613.49
864,2012-08-25,14:17:00,33897,512340,3052,2,26,543.73
777,2012-08-25,09:26:00,49788,753567,5274,2,26,614.8
609,2012-08-25,08:07:00,11471,714854,1173,2,26,564.01
849,2012-08-25,10:36:00,47418,640700,2595,2,26,597.34
981,2012-08-25,08:57:00,45176,412546,2659,2,27,589.42
725,2012-08-25,11:08:00,6718,691593,64,2,27,634.8
665,2012-08-25,10:48:00,46987,518727,1276,2,27,594.35
937,2012-08-25,16:33:00,42861,412404,3921,2,27,614.83
710,2012-08-25,09:46:00,5328,51078,485,2,27,616.95
667,2012-08-25,16:28:00,12064,144983,3138,2,27,587.33
832,2012-08-25,19:07:00,19182,533888,3152,2,27,624.45
689,2012-08-25,17:38:00,46987,750455,563,2,27,593.57
645,2012-08-25,12:48:00,5425,403840,2440,2,27,660.75
738,2012-08-25,17:15:00,27038,582593,3121,2,27,666.73
574,2012-08-25,06:58:00,46036,518348,691,20,27,614.96
861,2012-08-25,15:53:00,42861,463667,438,2,27,593.09
708,2012-08-25,16:43:00,47057,532993,621,2,27,639.46
548,2012-08-25,06:43:00,47057,532815,3009,2,28,625.73
575,2012-08-25,07:28:00,43883,509713,2552,2,28,642.24
498,2012-08-25,07:25:00,9091,117379,2513,2,28,680.01
700,2012-08-25,04:10:00,48793,707950,5368,2,28,652.98
707,2012-08-25,16:17:00,12702,555891,621,2,28,646.2
480,2012-08-25,04:49:00,17182,691397,530,2,28,637.03
602,2012-08-25,10:47:00,19182,199428,3289,2,28,645.52
794,2012-08-25,12:05:00,25986,621436,1523,2,28,639.31
671,2012-08-25,12:31:00,1057,585106,1558,2,28,695.87
740,2012-08-25,19:13:00,19870,636246,3121,2,28,677.44
714,2012-08-25,18:40:00,6155,627432,960,2,28,655.08
963,2012-08-25,18:01:00,43008,642753,260,2,28,675.89
717,2012-08-25,13:26:00,6822,556888,1293,20,29,662.42
616,2012-08-25,11:58:00,8619,111871,834,2,29,649.98
891,2012-08-25,09:39:00,48664,737472,5170,317,29,25.73
486,2012-08-25,07:24:00,27426,502658,3014,2,30,704.36
844,2012-08-25,12:38:00,19182,602281,3846,2,30,675.11
672,2012-08-25,12:05:00,34882,764205,3089,2,30,678.73
797,2012-08-25,06:40:00,24858,600854,2728,20,30,654.19
723,2012-08-25,10:58:00,19131,196060,64,31,30,817.19
598,2012-08-25,11:47:00,12459,640006,1161,2,30,670.3
683,2012-08-25,13:02:00,5328,51093,3173,2,30,687.38
541,2012-08-25,08:54:00,7729,714691,643,2,31,739.2
865,2012-08-25,16:38:00,22477,633588,3380,2,31,694.74
896,2012-08-25,15:12:00,40583,711733,2799,2,31,685.07
720,2012-08-25,15:35:00,44480,559404,474,2,31,682.33
526,2012-08-25,08:25:00,28720,737180,1122,2,31,752.15
739,2012-08-25,19:12:00,651,595267,3121,2,31,771.85
800,2012-08-25,10:13:00,38508,475630,3329,2,32,756.99
731,2012-08-25,03:11:00,17701,649693,65,2,33,777.1
559,2012-08-25,08:52:00,19182,519114,2340,2,33,749.93
591,2012-08-25,09:06:00,19907,440355,3562,2,33,778.84
699,2012-08-25,00:13:00,41113,368366,5368,2,33,758.86
562,2012-08-25,10:14:00,40601,603002,2902,2,34,836.34
964,2012-08-25,22:20:00,10784,751607,260,2,34,836.62
829,2012-08-25,16:08:00,19182,199229,892,2,34,774.38
831,2012-08-25,11:05:00,6768,76237,3248,2,34,810.87
497,2012-08-25,05:37:00,31543,546716,2513,2,34,812.37
534,2012-08-25,06:24:00,13030,637178,1866,2,34,764.34
600,2012-08-25,11:59:00,12459,734140,1161,2,34,755.3
871,2012-08-25,09:25:00,44644,653028,2639,9,34,892.11
822,2012-08-25,14:28:00,33094,308630,1157,2,35,797.57
848,2012-08-25,09:40:00,11238,134938,2376,2,35,793.33
685,2012-08-25,14:47:00,35570,675877,3173,2,35,787.96
754,2012-08-25,12:01:00,6925,79593,1153,2,35,815.05
581,2012-08-25,11:06:00,31391,522952,651,2,35,843.33
628,2012-08-25,05:11:00,8935,567223,854,2,35,806.31
733,2012-08-25,05:01:00,38727,646405,3115,2,36,857.07
647,2012-08-25,11:42:00,45582,570016,836,2,36,848.61
803,2012-08-25,09:09:00,28951,597341,148,2,37,847.67
572,2012-08-25,09:12:00,41113,442969,3947,2,37,863.66
585,2012-08-25,11:08:00,8168,765012,312,2,37,871.68
654,2012-08-25,08:14:00,28535,629689,89,2,37,805.97
677,2012-08-25,16:32:00,16522,715161,2705,2,37,911.35
675,2012-08-25,14:43:00,41875,689960,1886,9,38,873.14
932,2012-08-25,17:55:00,47172,605210,2643,2,38,849.14
741,2012-08-25,14:19:00,16767,563367,1205,9,38,996.08
1000,2012-08-25,12:45:00,25986,655214,3899,2,38,870.93
818,2012-08-25,11:22:00,27757,542029,1271,9,38,882.88
520,2012-08-25,00:51:00,14499,505489,1122,2,38,899.8
494,2012-08-25,05:53:00,24229,568696,1168,2,39,881.2
868,2012-08-25,07:34:00,6266,662018,2639,9,39,1033.3
837,2012-08-25,12:38:00,17163,671515,5338,2,39,872.93
558,2012-08-25,07:51:00,26147,496912,1445,2,41,924.31
592,2012-08-25,08:28:00,41691,636406,1083,2,41,998.07
858,2012-08-25,12:22:00,42727,623927,3864,2,41,921.5
746,2012-08-25,12:21:00,15375,565653,1206,9,42,1099.42
597,2012-08-25,11:42:00,12459,148093,1161,2,42,934.3
737,2012-08-25,16:59:00,33094,308554,3121,2,42,1039.14
751,2012-08-25,15:58:00,19182,422830,748,8,43,1110.65
599,2012-08-25,11:55:00,12459,148090,1161,2,45,1014.05
853,2012-08-25,09:32:00,44808,596938,3880,2,46,963.67
842,2012-08-25,06:51:00,21887,594528,2296,2,49,1154.22
775,2012-08-25,09:47:00,16358,684414,1353,2,51,1192.45
596,2012-08-25,11:30:00,12459,651862,1161,2,52,1164.23
713,2012-08-25,05:35:00,15842,568047,747,9,52,1294.06
887,2012-08-25,09:33:00,3889,519808,4598,322,59,57.48
632,2012-08-25,08:48:00,41064,606328,803,9,59,1372.6
855,2012-08-25,00:16:00,2581,607253,3616,2,62,60.29
485,2012-08-25,07:23:00,33964,644928,1682,9,63,1445.97
778,2012-08-25,04:21:00,12064,144874,389,2,66,1440.62
594,2012-08-25,11:58:00,44154,677274,1083,9,68,1714.4
702,2012-08-25,04:14:00,34580,554277,485,2,69,1558.37
607,2012-08-25,02:50:00,7962,101000,1172,2,79,1794.39
808,2012-08-25,11:55:00,47979,631697,2074,2,81,1942.89
902,2012-08-25,15:47:00,5251,48431,1341,2,95,2150.79
730,2012-08-25,04:50:00,31825,670293,3114,2,101,2328.72
589,2012-08-25,11:11:00,27321,690617,214,2,106,2386.16
579,2012-08-25,09:05:00,679,752560,267,2,107,92.26
549,2012-08-25,09:35:00,6220,702023,3388,2,114,2591.93
568,2012-08-25,09:59:00,21312,600627,3404,2,134,3090.45
687,2012-08-25,17:38:00,26658,539628,3173,2,137,3090.39
859,2012-08-25,10:25:00,7938,493815,3372,9,154,3600.84
977,2012-08-26,07:02:00,10248,523936,3194,12,0,8.89
953,2012-08-26,09:57:00,19035,483052,1418,11,0,4.74
961,2012-08-26,10:50:00,24829,626787,1386,15,0,28.96
914,2012-08-26,07:22:00,14076,487988,853,11,0,24.82
986,2012-08-26,13:16:00,20383,737883,5466,5,2,39.5
974,2012-08-26,10:49:00,30837,765591,2663,5,3,71.28
909,2012-08-26,03:18:00,23339,628704,184,5,3,66.11
928,2012-08-26,06:46:00,8507,724551,3400,5,4,81.17
935,2012-08-26,07:06:00,23494,516703,3900,5,4,92.97
922,2012-08-26,06:14:00,5433,53838,3622,5,4,104.22
952,2012-08-26,09:57:00,19035,483052,1418,5,4,102.4
990,2012-08-26,13:20:00,48079,642573,1312,5,4,85.88
929,2012-08-26,08:35:00,24886,498577,709,5,5,118.19
933,2012-08-26,05:36:00,19907,208343,2643,5,5,108.33
910,2012-08-26,07:21:00,49148,750631,763,5,5,122.28
992,2012-08-26,13:26:00,18917,480110,3113,5,5,131.18
991,2012-08-26,13:20:00,38508,346286,3101,5,5,131.28
955,2012-08-26,09:54:00,19350,630575,152,5,6,130.92
967,2012-08-26,10:22:00,19182,199529,2415,5,6,154.25
958,2012-08-26,09:43:00,11520,485386,3877,5,6,142.84
924,2012-08-26,06:27:00,9564,513865,876,5,7,170.31
949,2012-08-26,08:55:00,33094,308473,1539,2,7,157.86
927,2012-08-26,08:32:00,27238,520970,3541,2,7,162.67
983,2012-08-26,11:31:00,24700,239264,1886,9,8,190.39
985,2012-08-26,12:29:00,30868,668510,5466,5,10,222.76
945,2012-08-26,08:50:00,14364,470237,198,2,10,234.12
989,2012-08-26,12:27:00,48213,653609,1312,2,13,279.38
995,2012-08-26,09:45:00,8546,494002,2442,2,13,312
954,2012-08-26,10:45:00,12776,640095,1418,2,13,290.3
975,2012-08-26,12:05:00,13163,712438,2663,2,13,305.86
998,2012-08-26,12:31:00,47057,533108,438,2,14,302.34
942,2012-08-26,09:39:00,42861,433315,2301,2,15,332.23
948,2012-08-26,09:40:00,22481,568642,1003,19,15,378.67
930,2012-08-26,04:33:00,19655,545598,3950,2,15,328.38
926,2012-08-26,08:29:00,14092,616437,3581,2,16,350.56
960,2012-08-26,10:50:00,24829,626787,1386,2,18,424.88
940,2012-08-26,06:08:00,18129,576998,2716,2,20,496.3
987,2012-08-26,09:52:00,30895,560855,2884,2,20,437.03
968,2012-08-26,12:06:00,6266,734020,3477,2,22,509.38
972,2012-08-26,12:06:00,48425,675999,3694,2,22,477.85
923,2012-08-26,07:29:00,5983,601061,272,2,22,524.84
971,2012-08-26,09:26:00,14370,163346,3694,2,24,528.73
921,2012-08-26,07:23:00,6823,644870,3693,2,24,537.92
973,2012-08-26,12:04:00,11597,599280,3379,2,24,559.49
931,2012-08-26,08:30:00,7881,99737,2709,2,24,604.09
939,2012-08-26,03:13:00,27314,527846,1627,2,25,572.81
970,2012-08-26,08:39:00,18058,568324,3694,2,25,557.64
946,2012-08-26,09:05:00,26545,762449,198,2,25,586.83
934,2012-08-26,08:40:00,38508,485200,2915,2,25,573.28
912,2012-08-26,04:49:00,27026,608174,853,2,25,575.94
996,2012-08-26,13:04:00,12021,692529,3750,2,27,612.86
962,2012-08-26,08:26:00,6266,69344,3410,2,27,628.72
993,2012-08-26,08:02:00,15925,174013,3071,2,28,664.43
976,2012-08-26,07:02:00,10248,523936,3194,9,29,683.31
997,2012-08-26,11:52:00,15618,602037,438,2,29,635.22
959,2012-08-26,10:50:00,5443,546095,796,2,30,704.23
982,2012-08-26,11:06:00,25026,487005,1886,2,30,675.52
938,2012-08-26,09:47:00,49838,762724,3921,2,31,696.43
969,2012-08-26,08:00:00,12776,150928,3694,2,32,701.87
979,2012-08-26,09:27:00,31256,501247,3194,9,32,755.23
980,2012-08-26,12:10:00,14076,519394,3415,2,34,771.82
950,2012-08-26,09:22:00,6925,722141,1418,2,34,755.42
936,2012-08-26,08:12:00,43052,697673,3900,2,34,733.94
966,2012-08-26,08:26:00,41113,442969,2415,2,35,828.16
951,2012-08-26,09:50:00,32780,690423,1418,2,35,773.95
925,2012-08-26,07:32:00,47152,709212,669,2,39,865.72
913,2012-08-26,04:52:00,27026,627263,853,2,42,989.74
988,2012-08-26,10:30:00,19870,205327,2884,2,50,1155.78
947,2012-08-26,09:12:00,16819,557940,198,9,50,1208.64
918,2012-08-26,04:42:00,9091,117416,339,2,51,1198.7
978,2012-08-26,08:44:00,31256,501247,3194,2,73,1680.67
965,2012-08-26,06:17:00,10331,494332,264,2,84,1823.33
911,2012-08-26,04:02:00,12064,144993,853,2,101,2303.75
